User ID,Hangout Place,Date,Time
783,The Red Sea Riviera,2023-01-13 12:00:00,12:00:00
154,The Great Sphinx of Giza,2023-01-17 23:00:00,23:00:00
11,Karnak Temple Complex,2021-08-08 03:00:00,03:00:00
108,The Great Sphinx of Giza,2021-08-04 23:00:00,23:00:00
386,Hurghada Marina,2021-09-29 19:00:00,19:00:00
457,Borg El Arab Stadium,2022-02-18 06:00:00,06:00:00
308,Wadi El Natrun,2022-04-25 22:00:00,22:00:00
864,Karnak Temple Complex,2022-01-12 10:00:00,10:00:00
869,Katameya Heights Golf Course,2022-06-19 04:00:00,04:00:00
99,Bibliotheca Alexandrina Bookstore,2022-03-10 11:00:00,11:00:00
481,Tiran Island,2022-11-19 06:00:00,06:00:00
634,Palm Hills Golf Course,2021-12-01 04:00:00,04:00:00
581,Palm Hills Golf Course,2022-02-18 15:00:00,15:00:00
340,Heliopolis Sporting Club,2022-11-24 05:00:00,05:00:00
204,City Festival,2021-12-26 18:00:00,18:00:00
657,Genena City Mall,2021-09-14 03:00:00,03:00:00
106,The Step Pyramid of Djoser,2022-06-25 12:00:00,12:00:00
35,The Pyramids of Giza,2022-12-03 20:00:00,20:00:00
166,Cityscape Mall,2021-08-26 14:00:00,14:00:00
991,The Platform - Art Hub,2022-01-03 16:00:00,16:00:00
511,The Hanging Church,2021-10-16 20:00:00,20:00:00
978,Manial Palace,2021-12-02 05:00:00,05:00:00
106,El Gouna Golf Course,2023-01-31 21:00:00,21:00:00
559,Palm Hills Golf Course,2021-08-16 19:00:00,19:00:00
892,Madinaty Golf Club,2021-09-29 00:00:00,00:00:00
520,Cairo University,2022-01-03 00:00:00,00:00:00
179,Manial Palace,2022-04-22 17:00:00,17:00:00
944,Saqqara Step Pyramid,2021-11-25 22:00:00,22:00:00
60,Downtown Cairo,2021-11-22 11:00:00,11:00:00
287,Cityscape Mall,2022-08-29 07:00:00,07:00:00
513,Cityscape Mall,2022-03-15 06:00:00,06:00:00
455,The Fun Kingdom,2022-10-09 09:00:00,09:00:00
236,O West Mall,2021-10-06 14:00:00,14:00:00
634,Bibliotheca Alexandrina,2022-08-20 06:00:00,06:00:00
907,City Stars,2021-08-08 17:00:00,17:00:00
535,Hurghada Marina,2022-03-16 07:00:00,07:00:00
574,El Gouna,2021-10-08 20:00:00,20:00:00
351,American University in Cairo,2021-09-09 15:00:00,15:00:00
616,Suez Canal University,2022-02-07 03:00:00,03:00:00
5,The Lighthouse of Alexandria,2021-09-10 03:00:00,03:00:00
684,City Stars,2022-05-21 18:00:00,18:00:00
618,Ain Shams University,2023-01-12 21:00:00,21:00:00
561,Siwa Oasis,2022-10-12 07:00:00,07:00:00
230,Genena City Mall,2022-02-26 06:00:00,06:00:00
449,Wadi El Natrun,2022-08-18 03:00:00,03:00:00
580,Zamalek,2021-09-03 19:00:00,19:00:00
632,Baron Palace,2021-10-20 00:00:00,00:00:00
737,The Platform - Art Hub,2021-10-15 13:00:00,13:00:00
890,Tiran Island,2022-09-06 18:00:00,18:00:00
365,Magic Galaxy,2022-10-06 08:00:00,08:00:00
209,Zamalek Sporting Club,2022-10-14 10:00:00,10:00:00
412,The Great Sphinx of Giza,2022-09-08 00:00:00,00:00:00
569,El Gouna,2022-07-21 12:00:00,12:00:00
272,Siwa Oasis,2022-03-25 03:00:00,03:00:00
823,Tanta Sporting Club,2021-08-11 20:00:00,20:00:00
794,Alexandria National Museum,2022-07-29 02:00:00,02:00:00
67,Cairo University,2021-11-04 02:00:00,02:00:00
843,The District,2022-11-15 11:00:00,11:00:00
325,The Red Sea Riviera,2021-11-15 16:00:00,16:00:00
705,Ras Mohamed National Park,2022-03-30 14:00:00,14:00:00
857,Ain Shams University,2022-02-14 03:00:00,03:00:00
985,Genena City Mall,2021-12-07 06:00:00,06:00:00
836,The Lighthouse of Alexandria,2023-01-21 08:00:00,08:00:00
163,Siwa Oasis,2021-07-22 04:00:00,04:00:00
259,Mansoura University,2022-08-14 07:00:00,07:00:00
906,Kom Ombo Temple,2022-08-11 15:00:00,15:00:00
751,Cleopatra Beach,2022-07-20 14:00:00,14:00:00
435,Zamalek Art Gallery,2022-11-23 09:00:00,09:00:00
81,The Fun Kingdom,2021-10-06 18:00:00,18:00:00
612,Cairo Tower,2021-09-28 08:00:00,08:00:00
473,The Step Pyramid of Djoser,2022-03-01 16:00:00,16:00:00
323,Family Land,2021-10-21 11:00:00,11:00:00
664,Maadi Sporting Club,2022-02-21 14:00:00,14:00:00
860,Madinaty Golf Club,2022-10-01 19:00:00,19:00:00
515,Mansoura University,2022-05-14 15:00:00,15:00:00
362,Tiran Island,2022-01-31 16:00:00,16:00:00
201,Katameya Heights Golf Course,2022-12-12 15:00:00,15:00:00
648,Cleopatra Beach,2022-10-05 08:00:00,08:00:00
925,Stadiums of Cairo International Stadium,2022-11-28 10:00:00,10:00:00
169,Cairo Tower,2022-05-04 02:00:00,02:00:00
266,Bibliotheca Alexandrina,2021-08-13 09:00:00,09:00:00
362,The Nile Ritz-Carlton,2022-01-14 13:00:00,13:00:00
338,Dreamland Aqua Park,2021-12-23 15:00:00,15:00:00
264,Cairo Festival City Mall,2021-10-28 19:00:00,19:00:00
150,Ain Shams University,2021-11-20 18:00:00,18:00:00
652,Petroleum Stadium,2022-01-08 17:00:00,17:00:00
722,Kom Ombo Temple,2022-06-29 22:00:00,22:00:00
942,Abu Simbel temples,2022-08-27 14:00:00,14:00:00
458,Tanta Sporting Club,2021-10-13 00:00:00,00:00:00
381,Wadi Degla Protectorate,2022-06-13 18:00:00,18:00:00
535,Marsa Alam,2022-12-18 06:00:00,06:00:00
487,Stadiums of Cairo International Stadium,2021-09-01 11:00:00,11:00:00
394,Marsa Alam,2022-08-02 07:00:00,07:00:00
883,Family Land,2023-01-19 15:00:00,15:00:00
136,The Platform - Art Hub,2022-04-01 09:00:00,09:00:00
113,Genena City Mall,2022-03-12 01:00:00,01:00:00
479,Abu Simbel temples,2022-07-08 21:00:00,21:00:00
372,Sakkara,2023-01-03 12:00:00,12:00:00
882,Family Land,2022-12-18 22:00:00,22:00:00
152,Alexandria Sporting Club,2022-12-25 01:00:00,01:00:00
836,Luxor Temple,2022-04-18 22:00:00,22:00:00
906,Madinaty Golf Club,2022-02-06 04:00:00,04:00:00
325,Genena City Mall,2022-08-01 11:00:00,11:00:00
16,City Stars,2022-09-10 12:00:00,12:00:00
858,Alexandria University,2022-01-14 16:00:00,16:00:00
443,City Stars,2021-12-05 21:00:00,21:00:00
557,Downtown Cairo,2022-04-09 11:00:00,11:00:00
257,Philae Temple,2022-12-26 09:00:00,09:00:00
966,The District,2022-02-02 14:00:00,14:00:00
454,Nuweiba,2022-09-08 10:00:00,10:00:00
188,Cairo Opera House,2022-05-01 04:00:00,04:00:00
162,Maadi Sporting Club,2023-01-16 16:00:00,16:00:00
274,Sakkara,2022-09-10 07:00:00,07:00:00
7,Sohag University,2022-05-10 22:00:00,22:00:00
902,Marsa Alam,2022-01-22 10:00:00,10:00:00
809,The Red Sea Riviera,2022-12-09 21:00:00,21:00:00
592,Wadi Degla Sporting Club,2022-04-25 08:00:00,08:00:00
392,Tanta Sporting Club,2022-02-17 06:00:00,06:00:00
984,Suez Canal University,2022-11-12 21:00:00,21:00:00
606,Palm Hills Golf Course,2022-03-29 01:00:00,01:00:00
617,Wadi Degla Sporting Club,2022-03-04 05:00:00,05:00:00
867,Alexandria National Museum,2022-02-20 17:00:00,17:00:00
294,Khan el-Khalili Bazaar,2021-12-25 05:00:00,05:00:00
654,Zamalek Art Gallery,2022-04-03 23:00:00,23:00:00
766,Katameya Heights Golf Course,2022-05-14 21:00:00,21:00:00
711,Wadi El Natrun,2022-11-24 08:00:00,08:00:00
933,The Lighthouse of Alexandria,2022-12-28 19:00:00,19:00:00
854,Sultan Hassan Mosque,2022-08-24 21:00:00,21:00:00
571,Karnak Temple Complex,2022-08-12 06:00:00,06:00:00
930,Townhouse Gallery,2022-12-07 15:00:00,15:00:00
235,Cairo Festival City Mall,2022-02-03 10:00:00,10:00:00
883,Cairo Tower,2022-01-12 18:00:00,18:00:00
465,Alexandria University,2022-08-04 10:00:00,10:00:00
131,Tanta Sporting Club,2021-12-23 11:00:00,11:00:00
691,The Fun Kingdom,2022-10-13 20:00:00,20:00:00
15,Siwa Oasis,2021-11-16 11:00:00,11:00:00
847,The Pyramids of Giza,2022-06-30 12:00:00,12:00:00
368,Abu Simbel temples,2022-12-02 00:00:00,00:00:00
149,Cleopatra Beach,2022-05-20 02:00:00,02:00:00
948,Marsa Alam,2021-10-14 09:00:00,09:00:00
788,Ras Mohamed National Park,2022-10-30 08:00:00,08:00:00
299,El Gouna Golf Course,2021-08-11 11:00:00,11:00:00
754,Montaza Palace Gardens,2022-01-01 05:00:00,05:00:00
6,Mall of Egypt,2022-11-19 13:00:00,13:00:00
228,Townhouse Gallery,2021-12-20 15:00:00,15:00:00
29,The Fun Kingdom,2021-10-14 00:00:00,00:00:00
415,Al-Azhar Mosque,2022-10-04 11:00:00,11:00:00
168,Mansoura University,2021-10-11 08:00:00,08:00:00
485,Cityscape Mall,2023-01-13 12:00:00,12:00:00
761,El Gouna Golf Course,2021-10-27 01:00:00,01:00:00
17,Marsa Alam,2022-05-15 13:00:00,13:00:00
989,Karnak Temple Complex,2021-09-10 02:00:00,02:00:00
2,Zamalek,2022-01-23 08:00:00,08:00:00
359,Genena City Mall,2022-01-13 22:00:00,22:00:00
603,El Gezira Sporting Club,2021-11-14 09:00:00,09:00:00
533,Al-Azhar Park,2021-09-14 10:00:00,10:00:00
144,The Great Sphinx of Giza,2022-02-15 14:00:00,14:00:00
520,Stadiums of Cairo International Stadium,2021-08-20 03:00:00,03:00:00
226,Stadiums of Cairo International Stadium,2021-11-08 23:00:00,23:00:00
487,Manial Palace,2022-07-30 10:00:00,10:00:00
177,American University in Cairo,2021-11-02 11:00:00,11:00:00
269,Assiut University,2022-08-12 15:00:00,15:00:00
368,Stadiums of Cairo International Stadium,2022-09-22 09:00:00,09:00:00
930,Bibliotheca Alexandrina,2022-06-06 09:00:00,09:00:00
80,Alexandria Sporting Club,2021-08-26 02:00:00,02:00:00
868,Saqqara Step Pyramid,2021-11-12 18:00:00,18:00:00
1000,The District,2022-12-09 20:00:00,20:00:00
753,Siwa Oasis,2022-04-08 06:00:00,06:00:00
694,City Festival,2021-11-10 04:00:00,04:00:00
300,Hurghada Marina,2021-12-18 04:00:00,04:00:00
92,Katameya Heights Golf Course,2022-10-13 09:00:00,09:00:00
898,Palm Hills Golf Course,2021-10-07 07:00:00,07:00:00
249,Ras Mohamed National Park,2022-08-02 21:00:00,21:00:00
758,Zamalek Art Gallery,2021-10-04 11:00:00,11:00:00
109,Taba Heights,2023-01-02 08:00:00,08:00:00
803,Maadi Sporting Club,2022-03-14 10:00:00,10:00:00
875,Taba Heights,2021-11-15 10:00:00,10:00:00
371,Maadi Sporting Club,2022-05-28 17:00:00,17:00:00
126,Ain Shams University,2022-07-09 02:00:00,02:00:00
253,Khan el-Khalili,2022-02-17 01:00:00,01:00:00
245,The Great Sphinx of Giza,2022-12-27 05:00:00,05:00:00
324,Baron Palace,2022-05-15 11:00:00,11:00:00
106,Mansoura University,2022-06-08 01:00:00,01:00:00
791,Sohag University,2022-11-10 04:00:00,04:00:00
268,Marsa Alam,2021-12-08 01:00:00,01:00:00
541,Katameya Heights Golf Course,2022-09-22 15:00:00,15:00:00
872,Townhouse Gallery,2022-10-27 05:00:00,05:00:00
117,Zamalek,2021-10-23 18:00:00,18:00:00
782,El Gouna Golf Course,2021-08-13 18:00:00,18:00:00
299,Mall of Egypt,2022-01-15 23:00:00,23:00:00
967,Mall of Egypt,2022-04-16 15:00:00,15:00:00
39,The Egyptian Museum,2022-03-09 13:00:00,13:00:00
909,Tiran Island,2023-01-02 07:00:00,07:00:00
468,Sohag University,2022-10-19 16:00:00,16:00:00
191,The Platform - Art Hub,2021-10-06 13:00:00,13:00:00
33,Townhouse Gallery,2022-02-02 10:00:00,10:00:00
364,Dreamland Aqua Park,2022-08-28 13:00:00,13:00:00
142,Wadi Degla Sporting Club,2022-10-06 05:00:00,05:00:00
168,Cairo University,2021-07-20 05:00:00,05:00:00
405,El Gezira Sporting Club,2022-01-29 12:00:00,12:00:00
310,Sun City Mall,2022-10-10 05:00:00,05:00:00
336,Tanta Sporting Club,2022-01-01 04:00:00,04:00:00
401,Sultan Hassan Mosque,2022-02-13 01:00:00,01:00:00
38,Dream Park,2022-01-17 02:00:00,02:00:00
636,Helwan University,2021-10-06 09:00:00,09:00:00
223,The Red Sea Riviera,2022-09-25 13:00:00,13:00:00
61,Wadi El Natrun,2023-01-07 00:00:00,00:00:00
552,Magic Galaxy,2022-01-07 21:00:00,21:00:00
424,Arab Academy for Science and Technology and Maritime Transport,2022-11-05 22:00:00,22:00:00
648,Ras Mohamed National Park,2021-09-14 00:00:00,00:00:00
248,Karnak Temple Complex,2021-07-27 01:00:00,01:00:00
7,Cairo Opera House,2021-12-02 06:00:00,06:00:00
622,Maadi Sporting Club,2022-03-23 10:00:00,10:00:00
780,Mansoura University,2021-09-18 16:00:00,16:00:00
389,Mansoura University,2021-10-09 22:00:00,22:00:00
111,Abu Simbel temples,2023-01-09 16:00:00,16:00:00
488,Katameya Heights Golf Course,2022-04-29 18:00:00,18:00:00
286,Wadi Degla Protectorate,2021-12-23 06:00:00,06:00:00
875,Saint Catherine's Monastery,2022-07-16 06:00:00,06:00:00
614,Zamalek,2022-03-15 06:00:00,06:00:00
574,Manial Palace,2022-07-17 16:00:00,16:00:00
257,American University in Cairo,2022-04-27 01:00:00,01:00:00
643,El Gouna Golf Course,2022-10-27 15:00:00,15:00:00
633,Wadi Degla Sporting Club,2022-07-28 13:00:00,13:00:00
225,The Lighthouse of Alexandria,2022-01-24 23:00:00,23:00:00
902,Assiut University,2022-03-26 23:00:00,23:00:00
480,Alexandria Sporting Club,2021-07-24 14:00:00,14:00:00
64,Nuweiba,2022-12-10 20:00:00,20:00:00
10,Ain Shams University,2022-07-04 14:00:00,14:00:00
212,Khan el-Khalili Bazaar,2022-07-02 11:00:00,11:00:00
875,Borg El Arab Stadium,2022-09-05 14:00:00,14:00:00
304,Zamalek Sporting Club,2021-08-24 01:00:00,01:00:00
712,Zamalek Sporting Club,2023-01-06 23:00:00,23:00:00
983,Tanta Sporting Club,2021-08-03 14:00:00,14:00:00
826,Red Sea Mall,2022-01-11 05:00:00,05:00:00
25,Philae Temple,2022-07-20 08:00:00,08:00:00
352,Al-Azhar Park,2022-12-31 11:00:00,11:00:00
346,Red Sea Mall,2021-12-11 20:00:00,20:00:00
336,El Gouna,2022-03-16 19:00:00,19:00:00
501,Dreamland Aqua Park,2022-02-24 01:00:00,01:00:00
312,Abu Simbel temples,2022-10-31 07:00:00,07:00:00
617,Heliopolis Sporting Club,2022-08-24 21:00:00,21:00:00
36,Dandy Mega Mall,2021-08-17 08:00:00,08:00:00
195,Zamalek Sporting Club,2021-09-30 01:00:00,01:00:00
30,Mall of Arabia,2021-09-20 18:00:00,18:00:00
583,Wadi El Natrun,2022-11-30 07:00:00,07:00:00
328,Alexandria National Museum,2022-09-14 19:00:00,19:00:00
905,The Red Sea Riviera,2021-08-14 12:00:00,12:00:00
303,Cairo Festival City Mall,2022-01-03 12:00:00,12:00:00
691,Genena City Mall,2022-05-18 00:00:00,00:00:00
468,Cairo Opera House,2022-02-28 21:00:00,21:00:00
662,Stadiums of Cairo International Stadium,2022-05-17 20:00:00,20:00:00
706,Bibliotheca Alexandrina Bookstore,2022-05-04 22:00:00,22:00:00
846,Palm Hills Golf Course,2021-10-18 18:00:00,18:00:00
564,Sultan Hassan Mosque,2023-01-22 11:00:00,11:00:00
972,Helwan University,2021-09-30 01:00:00,01:00:00
43,Ras Mohamed National Park,2022-03-24 09:00:00,09:00:00
754,Luxor Temple,2022-07-04 19:00:00,19:00:00
269,Stadiums of Cairo International Stadium,2022-01-23 13:00:00,13:00:00
759,Nuweiba,2022-05-14 07:00:00,07:00:00
668,O West Mall,2021-08-17 14:00:00,14:00:00
913,Downtown Cairo,2022-01-17 17:00:00,17:00:00
188,Siwa Oasis,2021-10-01 12:00:00,12:00:00
318,El Gouna Golf Course,2022-10-10 20:00:00,20:00:00
71,Saint Catherine's Monastery,2023-01-05 11:00:00,11:00:00
122,Alexandria Sporting Club,2022-05-13 22:00:00,22:00:00
280,Abu Simbel temples,2022-03-20 15:00:00,15:00:00
377,Madinaty Golf Club,2021-12-22 23:00:00,23:00:00
513,Borg El Arab Stadium,2022-12-11 19:00:00,19:00:00
697,Palm Hills Golf Course,2021-08-24 06:00:00,06:00:00
561,Assiut University,2022-10-03 01:00:00,01:00:00
500,Dandy Mega Mall,2022-12-04 05:00:00,05:00:00
968,Zamalek Sporting Club,2022-03-05 09:00:00,09:00:00
965,Downtown Cairo,2023-01-31 21:00:00,21:00:00
734,Sohag University,2021-09-29 06:00:00,06:00:00
610,Magic Galaxy,2022-11-09 17:00:00,17:00:00
415,Manial Palace,2022-12-21 20:00:00,20:00:00
702,Katameya Heights Golf Course,2022-10-18 16:00:00,16:00:00
522,Cairo Opera House,2022-03-18 21:00:00,21:00:00
640,O West Mall,2021-09-08 14:00:00,14:00:00
285,Palm Hills Golf Course,2022-09-02 10:00:00,10:00:00
230,Cairo University,2022-07-05 17:00:00,17:00:00
707,Wadi Degla Sporting Club,2022-07-23 22:00:00,22:00:00
968,El Gouna,2022-01-04 15:00:00,15:00:00
297,Alexandria University,2022-02-24 04:00:00,04:00:00
292,Al-Azhar Park,2022-02-16 12:00:00,12:00:00
748,Dandy Mega Mall,2021-12-23 05:00:00,05:00:00
18,The Nile Ritz-Carlton,2022-11-17 05:00:00,05:00:00
573,Wadi El Natrun,2022-06-21 18:00:00,18:00:00
564,Cleopatra Beach,2021-10-02 11:00:00,11:00:00
979,Cairo University,2021-08-21 03:00:00,03:00:00
968,The Lighthouse of Alexandria,2021-10-23 16:00:00,16:00:00
945,Wadi Degla Protectorate,2023-01-28 19:00:00,19:00:00
156,Dandy Mega Mall,2021-12-05 00:00:00,00:00:00
936,The Egyptian Museum,2022-12-05 04:00:00,04:00:00
672,Mansoura University,2022-10-21 13:00:00,13:00:00
106,Khan el-Khalili Bazaar,2021-09-05 10:00:00,10:00:00
38,Luxor Temple,2022-02-01 21:00:00,21:00:00
159,El Gezira Sporting Club,2022-10-05 08:00:00,08:00:00
240,Baron Palace,2022-10-08 07:00:00,07:00:00
110,Zamalek Art Gallery,2022-03-18 20:00:00,20:00:00
783,The Nile Ritz-Carlton,2021-11-06 10:00:00,10:00:00
723,Cairo University,2023-01-27 09:00:00,09:00:00
780,Khan el-Khalili,2022-01-13 20:00:00,20:00:00
830,Wadi Degla Protectorate,2022-03-17 14:00:00,14:00:00
378,Townhouse Gallery,2022-11-29 02:00:00,02:00:00
963,Luxor Temple,2022-10-09 10:00:00,10:00:00
970,Dreamland Aqua Park,2022-04-24 09:00:00,09:00:00
923,Ain Shams University,2022-02-21 23:00:00,23:00:00
278,Sultan Hassan Mosque,2022-12-12 11:00:00,11:00:00
957,Al-Azhar Park,2022-06-07 07:00:00,07:00:00
912,The Nile Ritz-Carlton,2022-02-20 06:00:00,06:00:00
433,Dandy Mega Mall,2022-01-04 20:00:00,20:00:00
212,Saqqara Step Pyramid,2021-08-31 02:00:00,02:00:00
617,El Gezira Sporting Club,2022-03-17 18:00:00,18:00:00
374,Ras Mohamed National Park,2022-09-21 19:00:00,19:00:00
453,Hurghada Marina,2021-10-19 23:00:00,23:00:00
927,Dreamland Aqua Park,2022-02-09 14:00:00,14:00:00
854,Luxor Temple,2022-12-30 19:00:00,19:00:00
449,The Great Sphinx of Giza,2021-09-14 03:00:00,03:00:00
934,Siwa Oasis,2022-08-21 04:00:00,04:00:00
621,Wadi Degla Protectorate,2022-02-26 05:00:00,05:00:00
703,Sultan Hassan Mosque,2022-12-24 12:00:00,12:00:00
255,Karnak Temple Complex,2022-08-19 05:00:00,05:00:00
826,Zamalek,2022-05-16 06:00:00,06:00:00
641,Cleopatra Beach,2023-01-04 20:00:00,20:00:00
397,Zamalek,2023-01-21 04:00:00,04:00:00
785,Nuweiba,2022-01-15 23:00:00,23:00:00
596,Zamalek Art Gallery,2023-01-21 09:00:00,09:00:00
555,Red Sea Mall,2022-04-01 09:00:00,09:00:00
359,Cairo Festival City Mall,2021-11-13 20:00:00,20:00:00
453,Saqqara Step Pyramid,2021-11-10 21:00:00,21:00:00
903,Siwa Oasis,2022-05-11 15:00:00,15:00:00
284,Alexandria Sporting Club,2021-09-19 02:00:00,02:00:00
178,Ain Shams University,2022-11-18 06:00:00,06:00:00
189,Dream Park,2022-11-02 19:00:00,19:00:00
433,Al-Azhar Mosque,2022-03-10 05:00:00,05:00:00
913,Wadi El Natrun,2023-01-04 07:00:00,07:00:00
422,Sakkara,2021-10-30 23:00:00,23:00:00
267,The Platform - Art Hub,2022-01-23 07:00:00,07:00:00
62,Dreamland Aqua Park,2021-09-06 11:00:00,11:00:00
22,El Alamein War Museum,2021-11-17 17:00:00,17:00:00
904,Cityscape Mall,2022-08-27 04:00:00,04:00:00
493,Wadi Degla Sporting Club,2022-07-01 10:00:00,10:00:00
58,Cairo Tower,2022-05-11 17:00:00,17:00:00
726,Dandy Mega Mall,2022-11-06 04:00:00,04:00:00
150,Mall of Arabia,2021-10-21 07:00:00,07:00:00
369,Kom Ombo Temple,2022-07-26 00:00:00,00:00:00
640,The Step Pyramid of Djoser,2022-12-10 10:00:00,10:00:00
334,Al-Azhar Park,2022-04-15 18:00:00,18:00:00
753,Dream Park,2022-09-27 22:00:00,22:00:00
798,Khan el-Khalili Bazaar,2022-09-18 18:00:00,18:00:00
748,Zamalek Sporting Club,2022-08-22 03:00:00,03:00:00
512,Borg El Arab Stadium,2023-01-12 01:00:00,01:00:00
41,Nuweiba,2021-10-30 15:00:00,15:00:00
620,Baron Palace,2021-08-24 18:00:00,18:00:00
37,Abu Simbel temples,2021-12-07 13:00:00,13:00:00
695,The Great Sphinx of Giza,2023-02-01 13:00:00,13:00:00
931,Al-Azhar Mosque,2022-06-20 10:00:00,10:00:00
619,Luxor Temple,2022-01-04 11:00:00,11:00:00
233,Townhouse Gallery,2021-09-16 20:00:00,20:00:00
445,Suez Canal University,2022-02-03 08:00:00,08:00:00
900,City Festival,2022-07-09 00:00:00,00:00:00
850,El Gezira Sporting Club,2022-07-25 22:00:00,22:00:00
639,Katameya Heights Golf Course,2021-08-16 14:00:00,14:00:00
829,Mall of Arabia,2021-12-29 12:00:00,12:00:00
911,Katameya Heights Golf Course,2022-07-16 08:00:00,08:00:00
382,City Festival,2022-02-05 18:00:00,18:00:00
655,Hurghada Marina,2022-11-26 11:00:00,11:00:00
952,Zamalek,2022-07-07 16:00:00,16:00:00
788,City Stars,2022-01-06 18:00:00,18:00:00
500,Zamalek Sporting Club,2022-11-30 06:00:00,06:00:00
302,Hurghada Marina,2022-04-14 00:00:00,00:00:00
534,Bibliotheca Alexandrina Bookstore,2022-12-08 16:00:00,16:00:00
156,Wadi Degla Sporting Club,2022-11-15 07:00:00,07:00:00
821,Mansoura University,2022-01-01 08:00:00,08:00:00
871,Mansoura University,2022-10-06 20:00:00,20:00:00
668,Madinaty Golf Club,2023-01-23 01:00:00,01:00:00
626,Saqqara Step Pyramid,2022-12-14 19:00:00,19:00:00
776,Tiran Island,2022-01-23 00:00:00,00:00:00
884,Karnak Temple Complex,2022-10-15 09:00:00,09:00:00
342,Cairo Opera House,2021-07-17 07:00:00,07:00:00
734,Cairo University,2021-10-06 09:00:00,09:00:00
27,The Egyptian Museum,2021-08-17 20:00:00,20:00:00
986,Red Sea Mall,2022-03-10 15:00:00,15:00:00
742,Genena City Mall,2022-09-21 10:00:00,10:00:00
583,Sakkara,2022-02-10 07:00:00,07:00:00
398,Cleopatra Beach,2022-04-26 04:00:00,04:00:00
455,Cairo Tower,2022-06-16 10:00:00,10:00:00
364,Arab Academy for Science and Technology and Maritime Transport,2022-02-25 10:00:00,10:00:00
221,Baron Palace,2022-01-17 01:00:00,01:00:00
818,The District,2021-08-01 20:00:00,20:00:00
188,Maadi Sporting Club,2022-03-21 21:00:00,21:00:00
82,The Pyramids of Giza,2021-09-28 15:00:00,15:00:00
536,Ras Mohamed National Park,2022-06-08 19:00:00,19:00:00
209,Assiut University,2022-06-21 21:00:00,21:00:00
721,The District,2022-09-30 10:00:00,10:00:00
664,O West Mall,2022-09-19 14:00:00,14:00:00
122,The Step Pyramid of Djoser,2021-09-02 05:00:00,05:00:00
375,Madinaty Golf Club,2021-10-18 22:00:00,22:00:00
773,Petroleum Stadium,2022-01-05 13:00:00,13:00:00
927,The Platform - Art Hub,2023-01-12 08:00:00,08:00:00
632,American University in Cairo,2022-07-24 12:00:00,12:00:00
570,The District,2021-09-20 01:00:00,01:00:00
862,Abu Simbel temples,2022-02-12 01:00:00,01:00:00
103,The Nile Ritz-Carlton,2022-08-17 20:00:00,20:00:00
51,Family Land,2022-10-28 19:00:00,19:00:00
108,Mall of Egypt,2022-04-20 19:00:00,19:00:00
497,Sultan Hassan Mosque,2021-11-25 09:00:00,09:00:00
748,Sakkara,2022-11-24 11:00:00,11:00:00
675,Mansoura University,2022-01-05 14:00:00,14:00:00
696,Mansoura University,2022-08-14 04:00:00,04:00:00
912,Palm Hills Golf Course,2021-11-29 11:00:00,11:00:00
273,Mall of Egypt,2022-10-21 04:00:00,04:00:00
574,The Platform - Art Hub,2022-05-21 09:00:00,09:00:00
83,Ain Shams University,2021-08-17 20:00:00,20:00:00
35,Philae Temple,2022-04-15 08:00:00,08:00:00
49,Assiut University,2022-03-30 22:00:00,22:00:00
950,Tanta Sporting Club,2022-10-14 09:00:00,09:00:00
530,Wadi Degla Sporting Club,2021-11-22 23:00:00,23:00:00
757,Arab Academy for Science and Technology and Maritime Transport,2022-06-05 05:00:00,05:00:00
704,Taba Heights,2021-10-03 20:00:00,20:00:00
670,Assiut University,2021-09-11 18:00:00,18:00:00
260,Sun City Mall,2021-12-13 19:00:00,19:00:00
158,Mall of Egypt,2022-04-05 14:00:00,14:00:00
14,Dandy Mega Mall,2021-11-02 09:00:00,09:00:00
359,Madinaty Golf Club,2021-07-28 02:00:00,02:00:00
553,American University in Cairo,2021-12-11 22:00:00,22:00:00
129,Abu Simbel temples,2021-10-08 03:00:00,03:00:00
57,Heliopolis Sporting Club,2022-05-18 07:00:00,07:00:00
587,Dreamland Aqua Park,2022-11-11 13:00:00,13:00:00
760,Ras Mohamed National Park,2022-03-08 02:00:00,02:00:00
586,Red Sea Mall,2023-01-31 16:00:00,16:00:00
675,Dream Park,2023-01-17 05:00:00,05:00:00
273,Zamalek,2023-01-01 01:00:00,01:00:00
213,Sultan Hassan Mosque,2022-07-11 11:00:00,11:00:00
217,Taba Heights,2022-07-12 21:00:00,21:00:00
169,The Red Sea Riviera,2023-01-11 12:00:00,12:00:00
157,American University in Cairo,2022-12-21 03:00:00,03:00:00
598,Heliopolis Sporting Club,2022-07-29 09:00:00,09:00:00
857,Sultan Hassan Mosque,2021-08-05 17:00:00,17:00:00
735,Magic Galaxy,2022-06-24 08:00:00,08:00:00
784,Palm Hills Golf Course,2021-08-05 16:00:00,16:00:00
316,Manial Palace,2022-11-15 06:00:00,06:00:00
775,Magic Galaxy,2022-01-05 01:00:00,01:00:00
799,Nuweiba,2022-03-20 03:00:00,03:00:00
68,Family Land,2023-01-25 14:00:00,14:00:00
635,Dreamland Aqua Park,2021-10-29 04:00:00,04:00:00
282,Taba Heights,2022-07-30 00:00:00,00:00:00
326,Alexandria Sporting Club,2021-11-15 08:00:00,08:00:00
647,Zamalek Sporting Club,2022-10-08 21:00:00,21:00:00
923,Cairo Opera House,2022-12-11 20:00:00,20:00:00
362,Cairo Tower,2022-05-25 11:00:00,11:00:00
347,American University in Cairo,2022-08-02 02:00:00,02:00:00
922,Cairo Opera House,2022-02-21 01:00:00,01:00:00
582,Khan el-Khalili Bazaar,2022-12-07 02:00:00,02:00:00
51,Dreamland Aqua Park,2022-06-14 15:00:00,15:00:00
516,The Red Sea Riviera,2021-07-21 22:00:00,22:00:00
763,Suez Canal University,2022-01-02 14:00:00,14:00:00
62,Marsa Alam,2023-01-11 00:00:00,00:00:00
592,Siwa Oasis,2021-10-09 02:00:00,02:00:00
708,Philae Temple,2022-09-24 00:00:00,00:00:00
9,Red Sea Mall,2022-03-09 09:00:00,09:00:00
795,El Gouna Golf Course,2021-09-17 04:00:00,04:00:00
868,The Fun Kingdom,2022-05-01 03:00:00,03:00:00
107,Cleopatra Beach,2021-11-26 12:00:00,12:00:00
447,Taba Heights,2022-12-25 10:00:00,10:00:00
232,The Hanging Church,2022-07-26 22:00:00,22:00:00
737,Al-Azhar Mosque,2021-08-29 15:00:00,15:00:00
775,Maadi Sporting Club,2022-03-15 16:00:00,16:00:00
643,Downtown Cairo,2022-04-24 09:00:00,09:00:00
577,Mansoura University,2022-04-07 05:00:00,05:00:00
367,The Avenue at Cairo Festival City,2022-11-14 00:00:00,00:00:00
674,Ain Shams University,2022-11-22 22:00:00,22:00:00
737,Nuweiba,2021-12-25 12:00:00,12:00:00
111,Cleopatra Beach,2022-02-28 12:00:00,12:00:00
180,Madinaty Golf Club,2021-12-11 14:00:00,14:00:00
545,Bibliotheca Alexandrina Bookstore,2022-05-17 14:00:00,14:00:00
106,El Gouna,2022-07-21 10:00:00,10:00:00
294,Suez Canal University,2021-08-21 04:00:00,04:00:00
765,Manial Palace,2021-07-18 02:00:00,02:00:00
423,Alexandria Sporting Club,2022-02-12 10:00:00,10:00:00
736,Mall of Arabia,2021-10-28 06:00:00,06:00:00
122,Dreamland Aqua Park,2021-12-21 03:00:00,03:00:00
167,Alexandria Sporting Club,2022-01-09 16:00:00,16:00:00
309,The Pyramids of Giza,2021-10-10 11:00:00,11:00:00
771,Tanta Sporting Club,2022-01-10 01:00:00,01:00:00
136,El Gezira Sporting Club,2022-08-13 21:00:00,21:00:00
511,Alexandria Sporting Club,2021-10-09 02:00:00,02:00:00
526,Genena City Mall,2021-09-24 17:00:00,17:00:00
975,The Great Sphinx of Giza,2022-01-30 04:00:00,04:00:00
836,The Red Sea Riviera,2021-09-20 05:00:00,05:00:00
647,Genena City Mall,2021-10-25 23:00:00,23:00:00
380,Mall of Egypt,2021-10-21 23:00:00,23:00:00
713,Katameya Heights Golf Course,2021-08-22 01:00:00,01:00:00
347,The Avenue at Cairo Festival City,2023-01-26 02:00:00,02:00:00
985,The Red Sea Riviera,2022-06-17 19:00:00,19:00:00
415,Zamalek Sporting Club,2022-08-31 23:00:00,23:00:00
127,El Gouna,2022-02-21 10:00:00,10:00:00
273,The Lighthouse of Alexandria,2021-12-12 21:00:00,21:00:00
994,Sun City Mall,2022-06-07 18:00:00,18:00:00
592,El Gouna,2021-08-26 05:00:00,05:00:00
937,El Gezira Sporting Club,2022-07-02 03:00:00,03:00:00
825,Zamalek Art Gallery,2022-07-18 16:00:00,16:00:00
343,The Nile Ritz-Carlton,2021-11-21 16:00:00,16:00:00
517,The Red Sea Riviera,2022-01-18 16:00:00,16:00:00
687,The Great Sphinx of Giza,2021-12-25 06:00:00,06:00:00
189,The Step Pyramid of Djoser,2021-11-25 05:00:00,05:00:00
922,Arab Academy for Science and Technology and Maritime Transport,2022-01-23 10:00:00,10:00:00
226,The Step Pyramid of Djoser,2022-11-24 13:00:00,13:00:00
324,Dandy Mega Mall,2021-07-27 08:00:00,08:00:00
587,Wadi Degla Protectorate,2022-10-10 13:00:00,13:00:00
529,Mall of Arabia,2021-11-16 13:00:00,13:00:00
64,El Gouna,2022-10-06 05:00:00,05:00:00
264,The Great Sphinx of Giza,2022-06-22 17:00:00,17:00:00
356,Zamalek,2021-11-11 22:00:00,22:00:00
519,Taba Heights,2022-06-26 08:00:00,08:00:00
360,Cairo Tower,2021-12-13 17:00:00,17:00:00
312,Downtown Cairo,2022-10-21 17:00:00,17:00:00
600,Mansoura University,2022-12-12 11:00:00,11:00:00
463,Mansoura University,2022-02-08 06:00:00,06:00:00
335,Abu Simbel temples,2022-05-12 12:00:00,12:00:00
246,El Gouna Golf Course,2022-04-26 03:00:00,03:00:00
566,Khan el-Khalili,2021-10-03 04:00:00,04:00:00
29,Ain Shams University,2022-10-27 09:00:00,09:00:00
38,The Fun Kingdom,2021-12-25 10:00:00,10:00:00
995,The Hanging Church,2021-08-13 21:00:00,21:00:00
483,Mall of Arabia,2021-12-08 23:00:00,23:00:00
288,Al-Azhar Mosque,2021-09-23 17:00:00,17:00:00
148,The Nile Ritz-Carlton,2021-08-05 08:00:00,08:00:00
277,Palm Hills Golf Course,2022-02-11 16:00:00,16:00:00
579,Taba Heights,2022-04-12 13:00:00,13:00:00
498,Wadi El Natrun,2022-11-10 19:00:00,19:00:00
610,Siwa Oasis,2021-11-02 19:00:00,19:00:00
763,Siwa Oasis,2022-10-06 18:00:00,18:00:00
623,Sun City Mall,2022-08-02 06:00:00,06:00:00
279,The Pyramids of Giza,2022-07-14 10:00:00,10:00:00
30,Wadi Degla Sporting Club,2021-10-09 02:00:00,02:00:00
633,Palm Hills Golf Course,2022-09-03 18:00:00,18:00:00
519,Khan el-Khalili,2022-04-25 09:00:00,09:00:00
817,Karnak Temple Complex,2021-08-22 06:00:00,06:00:00
441,Alexandria Sporting Club,2021-09-12 05:00:00,05:00:00
926,Dreamland Aqua Park,2021-07-26 18:00:00,18:00:00
377,American University in Cairo,2021-09-11 04:00:00,04:00:00
908,Montaza Palace Gardens,2022-11-06 05:00:00,05:00:00
569,El Gezira Sporting Club,2023-01-25 13:00:00,13:00:00
170,The Step Pyramid of Djoser,2022-10-06 16:00:00,16:00:00
272,Abu Simbel temples,2021-10-26 01:00:00,01:00:00
834,Stadiums of Cairo International Stadium,2022-12-23 18:00:00,18:00:00
987,Helwan University,2021-10-16 01:00:00,01:00:00
919,The Egyptian Museum,2022-09-27 09:00:00,09:00:00
283,Townhouse Gallery,2022-06-30 11:00:00,11:00:00
126,The Lighthouse of Alexandria,2022-04-27 07:00:00,07:00:00
554,Abu Simbel temples,2022-05-31 02:00:00,02:00:00
460,El Alamein War Museum,2021-07-19 21:00:00,21:00:00
532,Genena City Mall,2021-12-15 18:00:00,18:00:00
581,El Gezira Sporting Club,2022-02-01 18:00:00,18:00:00
273,Marsa Alam,2021-11-22 10:00:00,10:00:00
433,Dream Park,2022-05-01 17:00:00,17:00:00
230,The Red Sea Riviera,2022-12-23 09:00:00,09:00:00
93,Kom Ombo Temple,2022-09-25 21:00:00,21:00:00
843,O West Mall,2023-01-28 21:00:00,21:00:00
665,Cityscape Mall,2023-01-02 18:00:00,18:00:00
419,Magic Galaxy,2022-11-30 19:00:00,19:00:00
170,The Fun Kingdom,2021-12-11 21:00:00,21:00:00
998,Cairo University,2022-08-30 02:00:00,02:00:00
747,The District,2021-10-20 04:00:00,04:00:00
990,Saqqara Step Pyramid,2022-09-22 14:00:00,14:00:00
786,City Stars,2023-01-31 20:00:00,20:00:00
466,Genena City Mall,2021-07-25 14:00:00,14:00:00
207,Stadiums of Cairo International Stadium,2022-12-14 23:00:00,23:00:00
399,The Nile Ritz-Carlton,2021-08-09 12:00:00,12:00:00
988,Taba Heights,2021-10-05 10:00:00,10:00:00
390,Taba Heights,2022-02-03 03:00:00,03:00:00
457,The Pyramids of Giza,2021-11-18 12:00:00,12:00:00
7,Zamalek,2021-12-16 15:00:00,15:00:00
832,Khan el-Khalili Bazaar,2021-08-18 06:00:00,06:00:00
342,Hurghada Marina,2022-02-19 23:00:00,23:00:00
526,El Gouna,2021-12-21 07:00:00,07:00:00
672,Katameya Heights Golf Course,2021-12-03 11:00:00,11:00:00
4,Alexandria University,2022-06-21 05:00:00,05:00:00
606,Townhouse Gallery,2022-04-08 10:00:00,10:00:00
58,Taba Heights,2021-12-26 17:00:00,17:00:00
556,Cairo Tower,2021-12-28 02:00:00,02:00:00
790,Suez Canal University,2022-05-28 06:00:00,06:00:00
312,Sohag University,2022-09-11 23:00:00,23:00:00
454,Madinaty Golf Club,2021-11-02 20:00:00,20:00:00
851,Family Land,2022-12-25 22:00:00,22:00:00
226,The Egyptian Museum,2022-02-23 09:00:00,09:00:00
36,Genena City Mall,2022-08-24 00:00:00,00:00:00
441,Sakkara,2021-09-24 17:00:00,17:00:00
207,Stadiums of Cairo International Stadium,2022-07-05 14:00:00,14:00:00
427,The Pyramids of Giza,2021-10-12 03:00:00,03:00:00
228,Arab Academy for Science and Technology and Maritime Transport,2022-05-16 16:00:00,16:00:00
98,Arab Academy for Science and Technology and Maritime Transport,2021-08-27 01:00:00,01:00:00
578,Saint Catherine's Monastery,2022-06-20 19:00:00,19:00:00
372,Borg El Arab Stadium,2022-12-15 04:00:00,04:00:00
729,Madinaty Golf Club,2021-10-13 06:00:00,06:00:00
236,Dream Park,2021-11-23 09:00:00,09:00:00
819,Stadiums of Cairo International Stadium,2022-03-15 23:00:00,23:00:00
913,Sultan Hassan Mosque,2022-03-05 07:00:00,07:00:00
313,Zamalek Sporting Club,2022-06-06 17:00:00,17:00:00
3,Alexandria National Museum,2021-12-11 19:00:00,19:00:00
195,City Stars,2022-02-07 13:00:00,13:00:00
733,Palm Hills Golf Course,2021-09-02 11:00:00,11:00:00
629,Katameya Heights Golf Course,2022-02-09 07:00:00,07:00:00
185,Arab Academy for Science and Technology and Maritime Transport,2022-02-13 21:00:00,21:00:00
773,Al-Azhar Mosque,2022-07-20 09:00:00,09:00:00
175,Montaza Palace Gardens,2022-01-29 00:00:00,00:00:00
993,Khan el-Khalili,2021-10-28 15:00:00,15:00:00
710,El Alamein War Museum,2021-10-03 04:00:00,04:00:00
79,Mall of Arabia,2021-07-20 04:00:00,04:00:00
936,Downtown Cairo,2022-07-25 15:00:00,15:00:00
772,Tanta Sporting Club,2022-11-23 14:00:00,14:00:00
690,Nuweiba,2021-12-07 13:00:00,13:00:00
233,Sohag University,2021-10-24 19:00:00,19:00:00
943,The Great Sphinx of Giza,2022-09-23 00:00:00,00:00:00
176,Cleopatra Beach,2021-11-27 09:00:00,09:00:00
958,Cairo Festival City Mall,2022-07-16 01:00:00,01:00:00
297,Saint Catherine's Monastery,2022-06-13 07:00:00,07:00:00
365,Saint Catherine's Monastery,2021-09-04 14:00:00,14:00:00
607,Saint Catherine's Monastery,2022-09-09 11:00:00,11:00:00
40,Dandy Mega Mall,2021-10-31 07:00:00,07:00:00
892,O West Mall,2022-08-19 10:00:00,10:00:00
890,Alexandria Sporting Club,2021-07-22 04:00:00,04:00:00
505,El Gezira Sporting Club,2022-02-24 04:00:00,04:00:00
807,O West Mall,2022-03-30 02:00:00,02:00:00
850,Zamalek,2022-06-20 10:00:00,10:00:00
907,Tiran Island,2021-12-06 06:00:00,06:00:00
551,The Platform - Art Hub,2022-10-08 23:00:00,23:00:00
116,Al-Azhar Park,2021-11-06 22:00:00,22:00:00
395,Cairo Opera House,2022-04-24 14:00:00,14:00:00
35,Marsa Alam,2023-01-03 13:00:00,13:00:00
87,Philae Temple,2022-01-05 20:00:00,20:00:00
950,The Red Sea Riviera,2021-07-31 11:00:00,11:00:00
316,Dream Park,2021-10-29 00:00:00,00:00:00
360,El Gouna,2022-01-10 05:00:00,05:00:00
462,Karnak Temple Complex,2022-11-14 14:00:00,14:00:00
310,Zamalek Sporting Club,2022-12-01 15:00:00,15:00:00
92,Nuweiba,2021-07-25 07:00:00,07:00:00
413,Tanta Sporting Club,2023-01-27 23:00:00,23:00:00
592,Family Land,2021-11-11 00:00:00,00:00:00
726,Khan el-Khalili Bazaar,2021-12-21 21:00:00,21:00:00
841,Maadi Sporting Club,2021-08-01 08:00:00,08:00:00
520,Zamalek Sporting Club,2021-08-06 04:00:00,04:00:00
216,Saqqara Step Pyramid,2022-08-21 22:00:00,22:00:00
631,Wadi El Natrun,2022-02-18 13:00:00,13:00:00
302,The Lighthouse of Alexandria,2022-03-19 09:00:00,09:00:00
534,Madinaty Golf Club,2022-05-05 13:00:00,13:00:00
929,Suez Canal University,2022-06-28 21:00:00,21:00:00
685,O West Mall,2021-08-07 16:00:00,16:00:00
954,The Fun Kingdom,2022-12-14 08:00:00,08:00:00
419,Abu Simbel temples,2022-09-08 13:00:00,13:00:00
508,Taba Heights,2021-12-31 22:00:00,22:00:00
557,The Egyptian Museum,2022-09-06 19:00:00,19:00:00
116,American University in Cairo,2022-07-03 08:00:00,08:00:00
328,Marsa Alam,2021-12-04 02:00:00,02:00:00
462,The Lighthouse of Alexandria,2022-11-24 11:00:00,11:00:00
971,Suez Canal University,2022-12-17 11:00:00,11:00:00
318,Kom Ombo Temple,2022-10-22 18:00:00,18:00:00
446,Stadiums of Cairo International Stadium,2022-12-15 22:00:00,22:00:00
791,Maadi Sporting Club,2021-12-21 00:00:00,00:00:00
134,Mansoura University,2021-10-05 15:00:00,15:00:00
270,Red Sea Mall,2022-04-23 21:00:00,21:00:00
784,Karnak Temple Complex,2022-04-15 01:00:00,01:00:00
732,Dream Park,2022-04-22 07:00:00,07:00:00
592,Alexandria National Museum,2022-07-25 14:00:00,14:00:00
933,Al-Azhar Mosque,2022-04-18 07:00:00,07:00:00
647,Al-Azhar Mosque,2021-09-19 15:00:00,15:00:00
882,Philae Temple,2022-09-01 17:00:00,17:00:00
688,Downtown Cairo,2021-10-20 23:00:00,23:00:00
132,Wadi El Natrun,2021-12-24 05:00:00,05:00:00
921,Baron Palace,2023-01-10 02:00:00,02:00:00
970,Downtown Cairo,2021-11-11 01:00:00,01:00:00
933,The Platform - Art Hub,2022-02-08 17:00:00,17:00:00
679,Sultan Hassan Mosque,2021-10-20 09:00:00,09:00:00
87,Sun City Mall,2021-09-05 06:00:00,06:00:00
178,O West Mall,2022-05-18 16:00:00,16:00:00
156,Stadiums of Cairo International Stadium,2023-01-29 00:00:00,00:00:00
779,Petroleum Stadium,2023-01-28 20:00:00,20:00:00
617,The Hanging Church,2021-11-04 02:00:00,02:00:00
236,El Gouna,2022-09-11 18:00:00,18:00:00
230,The Pyramids of Giza,2022-09-17 07:00:00,07:00:00
464,Palm Hills Golf Course,2022-01-25 02:00:00,02:00:00
495,Mall of Arabia,2021-08-12 05:00:00,05:00:00
255,Wadi Degla Sporting Club,2021-09-02 06:00:00,06:00:00
921,El Gouna Golf Course,2022-10-09 03:00:00,03:00:00
807,Arab Academy for Science and Technology and Maritime Transport,2022-07-06 08:00:00,08:00:00
630,Al-Azhar Mosque,2022-05-16 15:00:00,15:00:00
328,Alexandria Sporting Club,2022-08-11 15:00:00,15:00:00
211,El Gouna Golf Course,2022-03-24 01:00:00,01:00:00
734,Dream Park,2022-04-06 19:00:00,19:00:00
321,Saqqara Step Pyramid,2022-06-19 13:00:00,13:00:00
239,Kom Ombo Temple,2021-09-12 14:00:00,14:00:00
466,Alexandria University,2022-08-08 11:00:00,11:00:00
309,Madinaty Golf Club,2022-06-11 10:00:00,10:00:00
793,Nuweiba,2023-01-02 07:00:00,07:00:00
128,Heliopolis Sporting Club,2021-10-09 10:00:00,10:00:00
463,Manial Palace,2023-01-13 09:00:00,09:00:00
827,Wadi Degla Protectorate,2022-11-19 13:00:00,13:00:00
900,Siwa Oasis,2022-12-28 00:00:00,00:00:00
322,El Gouna Golf Course,2021-08-17 02:00:00,02:00:00
763,City Festival,2021-08-08 16:00:00,16:00:00
378,City Festival,2022-07-05 10:00:00,10:00:00
692,The District,2022-08-08 15:00:00,15:00:00
105,Madinaty Golf Club,2022-05-26 09:00:00,09:00:00
493,Assiut University,2021-08-09 02:00:00,02:00:00
852,Zamalek,2021-12-14 20:00:00,20:00:00
587,Helwan University,2022-12-13 23:00:00,23:00:00
822,Philae Temple,2022-09-04 07:00:00,07:00:00
927,Cairo Opera House,2021-09-06 01:00:00,01:00:00
788,Wadi Degla Protectorate,2021-07-29 19:00:00,19:00:00
250,American University in Cairo,2022-11-11 00:00:00,00:00:00
915,Ras Mohamed National Park,2022-12-25 05:00:00,05:00:00
653,The Avenue at Cairo Festival City,2022-05-07 05:00:00,05:00:00
636,Genena City Mall,2022-09-16 00:00:00,00:00:00
523,Wadi Degla Protectorate,2021-12-08 04:00:00,04:00:00
655,Bibliotheca Alexandrina,2021-07-18 12:00:00,12:00:00
264,The District,2021-11-28 19:00:00,19:00:00
138,Al-Azhar Park,2022-11-30 14:00:00,14:00:00
471,Petroleum Stadium,2022-07-14 14:00:00,14:00:00
71,Zamalek,2022-10-24 03:00:00,03:00:00
418,Cairo Opera House,2022-12-25 02:00:00,02:00:00
853,Sakkara,2023-01-15 08:00:00,08:00:00
702,Marsa Alam,2022-07-12 00:00:00,00:00:00
888,Al-Azhar Park,2022-06-17 11:00:00,11:00:00
63,Mall of Egypt,2021-08-27 15:00:00,15:00:00
841,O West Mall,2022-01-13 07:00:00,07:00:00
875,Red Sea Mall,2022-06-15 07:00:00,07:00:00
382,Townhouse Gallery,2022-05-26 05:00:00,05:00:00
554,Sultan Hassan Mosque,2022-07-25 23:00:00,23:00:00
50,Dream Park,2021-09-12 20:00:00,20:00:00
255,Nuweiba,2023-01-28 23:00:00,23:00:00
527,The Hanging Church,2021-11-04 18:00:00,18:00:00
677,Cleopatra Beach,2021-08-07 00:00:00,00:00:00
482,Helwan University,2021-09-19 15:00:00,15:00:00
589,The Platform - Art Hub,2022-12-09 07:00:00,07:00:00
669,Cleopatra Beach,2023-01-04 18:00:00,18:00:00
656,Sakkara,2022-05-20 23:00:00,23:00:00
301,Bibliotheca Alexandrina Bookstore,2021-11-13 09:00:00,09:00:00
694,Cityscape Mall,2022-06-20 22:00:00,22:00:00
3,Mansoura University,2022-03-02 22:00:00,22:00:00
653,El Gezira Sporting Club,2021-12-20 15:00:00,15:00:00
876,Bibliotheca Alexandrina,2021-09-15 23:00:00,23:00:00
706,American University in Cairo,2022-10-28 02:00:00,02:00:00
742,Genena City Mall,2021-12-14 21:00:00,21:00:00
292,Siwa Oasis,2023-01-17 11:00:00,11:00:00
316,The Platform - Art Hub,2022-11-02 16:00:00,16:00:00
636,Sakkara,2021-07-26 16:00:00,16:00:00
115,Cairo Festival City Mall,2023-01-05 21:00:00,21:00:00
998,Tanta Sporting Club,2021-09-25 05:00:00,05:00:00
819,Wadi Degla Sporting Club,2022-09-29 14:00:00,14:00:00
747,Helwan University,2022-12-03 04:00:00,04:00:00
724,Nuweiba,2021-09-27 18:00:00,18:00:00
262,El Alamein War Museum,2022-03-16 04:00:00,04:00:00
986,Abu Simbel temples,2022-08-27 15:00:00,15:00:00
211,Luxor Temple,2022-02-23 13:00:00,13:00:00
93,Dream Park,2022-11-02 13:00:00,13:00:00
266,Wadi El Natrun,2022-10-18 06:00:00,06:00:00
175,Philae Temple,2022-08-15 08:00:00,08:00:00
417,Ras Mohamed National Park,2023-01-01 21:00:00,21:00:00
197,Tanta Sporting Club,2022-04-24 18:00:00,18:00:00
322,Zamalek,2021-07-24 10:00:00,10:00:00
419,Katameya Heights Golf Course,2021-10-17 00:00:00,00:00:00
676,The Platform - Art Hub,2021-09-11 14:00:00,14:00:00
825,Sun City Mall,2022-02-27 20:00:00,20:00:00
722,Kom Ombo Temple,2022-10-16 00:00:00,00:00:00
198,Alexandria Sporting Club,2021-08-07 23:00:00,23:00:00
300,Al-Azhar Mosque,2022-02-13 11:00:00,11:00:00
922,Cairo Opera House,2022-07-23 03:00:00,03:00:00
469,El Gouna,2022-07-17 05:00:00,05:00:00
770,Hurghada Marina,2022-02-11 02:00:00,02:00:00
459,Baron Palace,2021-09-22 02:00:00,02:00:00
104,Suez Canal University,2022-01-09 01:00:00,01:00:00
803,Suez Canal University,2022-06-10 04:00:00,04:00:00
469,Suez Canal University,2022-03-08 13:00:00,13:00:00
760,Wadi Degla Sporting Club,2022-07-20 15:00:00,15:00:00
640,Stadiums of Cairo International Stadium,2022-03-26 02:00:00,02:00:00
393,Helwan University,2022-07-29 23:00:00,23:00:00
546,Montaza Palace Gardens,2022-01-22 10:00:00,10:00:00
896,Downtown Cairo,2021-09-17 15:00:00,15:00:00
332,Cleopatra Beach,2022-06-10 11:00:00,11:00:00
713,Petroleum Stadium,2021-10-26 19:00:00,19:00:00
521,City Festival,2022-08-27 18:00:00,18:00:00
979,The Nile Ritz-Carlton,2022-07-10 13:00:00,13:00:00
686,Ras Mohamed National Park,2022-08-07 04:00:00,04:00:00
678,Luxor Temple,2021-10-19 17:00:00,17:00:00
778,The Egyptian Museum,2022-08-23 16:00:00,16:00:00
657,Sun City Mall,2022-11-03 04:00:00,04:00:00
215,City Festival,2022-07-13 08:00:00,08:00:00
400,Bibliotheca Alexandrina,2022-02-07 07:00:00,07:00:00
421,The Avenue at Cairo Festival City,2022-10-17 12:00:00,12:00:00
202,Alexandria University,2022-01-24 22:00:00,22:00:00
885,Mansoura University,2021-12-18 09:00:00,09:00:00
26,Cairo University,2022-06-13 23:00:00,23:00:00
387,Sun City Mall,2021-11-13 10:00:00,10:00:00
751,Al-Azhar Park,2021-12-19 23:00:00,23:00:00
431,Dreamland Aqua Park,2021-11-19 11:00:00,11:00:00
815,Zamalek Sporting Club,2022-04-17 15:00:00,15:00:00
55,El Gezira Sporting Club,2023-01-29 22:00:00,22:00:00
977,The Great Sphinx of Giza,2021-12-15 17:00:00,17:00:00
317,Mall of Arabia,2021-07-30 18:00:00,18:00:00
550,Sun City Mall,2022-07-05 06:00:00,06:00:00
819,Mall of Egypt,2022-03-02 12:00:00,12:00:00
758,Cityscape Mall,2022-09-23 19:00:00,19:00:00
189,Zamalek,2021-09-16 23:00:00,23:00:00
2,Zamalek,2022-06-05 04:00:00,04:00:00
478,Downtown Cairo,2022-06-05 12:00:00,12:00:00
218,Suez Canal University,2022-11-27 06:00:00,06:00:00
236,Mall of Arabia,2021-08-08 02:00:00,02:00:00
202,Wadi Degla Protectorate,2022-12-17 12:00:00,12:00:00
940,Mall of Egypt,2021-08-01 11:00:00,11:00:00
257,Alexandria University,2022-06-04 18:00:00,18:00:00
417,American University in Cairo,2022-05-04 13:00:00,13:00:00
540,Family Land,2022-04-19 19:00:00,19:00:00
596,O West Mall,2021-11-05 08:00:00,08:00:00
847,Alexandria University,2021-10-18 00:00:00,00:00:00
693,Stadiums of Cairo International Stadium,2021-09-20 03:00:00,03:00:00
289,Abu Simbel temples,2022-01-02 08:00:00,08:00:00
432,Mall of Arabia,2022-05-10 01:00:00,01:00:00
321,Palm Hills Golf Course,2022-09-25 08:00:00,08:00:00
40,Nuweiba,2021-08-29 03:00:00,03:00:00
656,Hurghada Marina,2022-07-13 02:00:00,02:00:00
613,Arab Academy for Science and Technology and Maritime Transport,2022-01-03 20:00:00,20:00:00
212,City Festival,2022-05-13 18:00:00,18:00:00
323,Saqqara Step Pyramid,2022-11-05 05:00:00,05:00:00
741,Hurghada Marina,2022-11-29 19:00:00,19:00:00
687,Karnak Temple Complex,2022-05-29 10:00:00,10:00:00
312,Alexandria University,2022-09-04 20:00:00,20:00:00
720,El Gouna,2021-10-10 06:00:00,06:00:00
220,The Egyptian Museum,2021-08-02 16:00:00,16:00:00
776,Khan el-Khalili Bazaar,2021-09-25 16:00:00,16:00:00
593,Dreamland Aqua Park,2022-07-05 01:00:00,01:00:00
252,Magic Galaxy,2022-03-19 12:00:00,12:00:00
204,The Step Pyramid of Djoser,2022-07-16 20:00:00,20:00:00
122,Stadiums of Cairo International Stadium,2022-06-08 06:00:00,06:00:00
635,Al-Azhar Park,2022-04-29 17:00:00,17:00:00
3,El Gezira Sporting Club,2022-05-26 19:00:00,19:00:00
804,Townhouse Gallery,2021-12-10 12:00:00,12:00:00
821,Assiut University,2021-09-02 10:00:00,10:00:00
855,Mall of Arabia,2021-10-11 01:00:00,01:00:00
665,Mall of Egypt,2022-10-23 22:00:00,22:00:00
637,City Festival,2021-08-15 06:00:00,06:00:00
621,Ain Shams University,2022-09-02 09:00:00,09:00:00
142,Kom Ombo Temple,2022-09-07 10:00:00,10:00:00
955,Dreamland Aqua Park,2022-01-03 10:00:00,10:00:00
935,Siwa Oasis,2022-10-01 19:00:00,19:00:00
789,Magic Galaxy,2022-11-05 19:00:00,19:00:00
686,Helwan University,2022-01-19 20:00:00,20:00:00
29,Dreamland Aqua Park,2022-03-04 00:00:00,00:00:00
609,Wadi Degla Sporting Club,2022-05-22 06:00:00,06:00:00
117,Ain Shams University,2022-11-04 15:00:00,15:00:00
240,Helwan University,2022-12-24 17:00:00,17:00:00
281,Palm Hills Golf Course,2023-01-24 00:00:00,00:00:00
893,Dreamland Aqua Park,2022-02-19 13:00:00,13:00:00
449,The Pyramids of Giza,2022-02-03 00:00:00,00:00:00
10,Philae Temple,2021-12-21 10:00:00,10:00:00
969,Hurghada Marina,2022-05-02 13:00:00,13:00:00
793,Helwan University,2021-10-01 01:00:00,01:00:00
766,Zamalek Sporting Club,2021-10-26 03:00:00,03:00:00
487,Kom Ombo Temple,2022-08-08 09:00:00,09:00:00
415,Philae Temple,2023-01-30 04:00:00,04:00:00
338,Cairo Tower,2021-08-10 14:00:00,14:00:00
143,Suez Canal University,2022-10-04 11:00:00,11:00:00
389,El Gouna Golf Course,2021-09-19 10:00:00,10:00:00
92,Wadi Degla Sporting Club,2023-01-23 07:00:00,07:00:00
875,The Avenue at Cairo Festival City,2022-12-02 21:00:00,21:00:00
865,El Alamein War Museum,2023-01-26 10:00:00,10:00:00
553,Genena City Mall,2022-02-19 23:00:00,23:00:00
633,Sultan Hassan Mosque,2022-11-08 04:00:00,04:00:00
865,Marsa Alam,2021-08-16 03:00:00,03:00:00
352,Bibliotheca Alexandrina Bookstore,2023-01-01 11:00:00,11:00:00
5,Red Sea Mall,2021-09-20 20:00:00,20:00:00
645,Montaza Palace Gardens,2022-09-11 03:00:00,03:00:00
713,Katameya Heights Golf Course,2022-09-10 12:00:00,12:00:00
225,Cairo Opera House,2022-11-26 07:00:00,07:00:00
7,Heliopolis Sporting Club,2021-12-16 01:00:00,01:00:00
889,Dandy Mega Mall,2022-07-13 06:00:00,06:00:00
260,Marsa Alam,2022-02-28 01:00:00,01:00:00
5,Hurghada Marina,2021-09-07 15:00:00,15:00:00
954,Family Land,2022-03-12 11:00:00,11:00:00
387,Madinaty Golf Club,2022-02-17 12:00:00,12:00:00
389,Arab Academy for Science and Technology and Maritime Transport,2022-05-14 08:00:00,08:00:00
936,Tiran Island,2023-01-03 15:00:00,15:00:00
765,Bibliotheca Alexandrina Bookstore,2021-08-02 00:00:00,00:00:00
521,Siwa Oasis,2022-03-09 16:00:00,16:00:00
441,City Festival,2022-03-27 21:00:00,21:00:00
928,El Gouna Golf Course,2022-10-02 08:00:00,08:00:00
761,Hurghada Marina,2022-03-18 11:00:00,11:00:00
300,Kom Ombo Temple,2022-06-10 19:00:00,19:00:00
794,The Great Sphinx of Giza,2021-07-20 21:00:00,21:00:00
599,Luxor Temple,2021-12-13 08:00:00,08:00:00
50,Sultan Hassan Mosque,2022-05-05 11:00:00,11:00:00
872,Khan el-Khalili Bazaar,2022-05-13 09:00:00,09:00:00
881,Mall of Egypt,2023-01-15 07:00:00,07:00:00
140,The Great Sphinx of Giza,2022-12-16 08:00:00,08:00:00
426,Al-Azhar Mosque,2022-04-29 08:00:00,08:00:00
722,Dreamland Aqua Park,2022-07-20 21:00:00,21:00:00
483,Alexandria Sporting Club,2023-01-31 20:00:00,20:00:00
885,Zamalek Art Gallery,2022-06-06 16:00:00,16:00:00
492,Palm Hills Golf Course,2022-04-06 07:00:00,07:00:00
783,Kom Ombo Temple,2022-07-30 02:00:00,02:00:00
379,Montaza Palace Gardens,2021-10-06 00:00:00,00:00:00
89,Ras Mohamed National Park,2021-10-06 10:00:00,10:00:00
817,Katameya Heights Golf Course,2022-02-26 07:00:00,07:00:00
76,The Nile Ritz-Carlton,2022-03-27 04:00:00,04:00:00
960,City Stars,2022-02-21 01:00:00,01:00:00
424,Hurghada Marina,2021-09-15 18:00:00,18:00:00
732,Heliopolis Sporting Club,2022-11-28 07:00:00,07:00:00
221,Al-Azhar Park,2022-10-10 11:00:00,11:00:00
955,Al-Azhar Mosque,2022-02-08 23:00:00,23:00:00
450,Cairo Tower,2022-04-10 05:00:00,05:00:00
902,Dreamland Aqua Park,2022-04-04 03:00:00,03:00:00
888,Red Sea Mall,2021-11-17 22:00:00,22:00:00
607,Cairo Festival City Mall,2022-01-02 19:00:00,19:00:00
875,Zamalek Art Gallery,2023-01-11 03:00:00,03:00:00
401,Al-Azhar Mosque,2021-09-24 18:00:00,18:00:00
931,City Festival,2023-01-24 08:00:00,08:00:00
771,The Nile Ritz-Carlton,2022-12-20 20:00:00,20:00:00
845,Cairo Tower,2022-09-17 16:00:00,16:00:00
908,Suez Canal University,2021-10-06 23:00:00,23:00:00
143,Alexandria National Museum,2022-03-17 09:00:00,09:00:00
772,El Alamein War Museum,2022-04-15 04:00:00,04:00:00
849,Wadi El Natrun,2023-01-11 13:00:00,13:00:00
203,Dreamland Aqua Park,2022-05-10 16:00:00,16:00:00
51,Saqqara Step Pyramid,2021-09-22 22:00:00,22:00:00
361,Maadi Sporting Club,2022-03-09 12:00:00,12:00:00
121,The Lighthouse of Alexandria,2021-10-25 23:00:00,23:00:00
760,Ain Shams University,2022-02-01 11:00:00,11:00:00
334,Stadiums of Cairo International Stadium,2022-12-08 14:00:00,14:00:00
300,Philae Temple,2021-10-11 01:00:00,01:00:00
809,Zamalek Art Gallery,2021-12-13 04:00:00,04:00:00
139,El Gouna Golf Course,2022-10-12 03:00:00,03:00:00
644,Assiut University,2022-06-28 22:00:00,22:00:00
271,Maadi Sporting Club,2022-01-02 13:00:00,13:00:00
526,The Egyptian Museum,2022-01-12 17:00:00,17:00:00
6,The Step Pyramid of Djoser,2021-10-14 20:00:00,20:00:00
973,O West Mall,2022-10-29 16:00:00,16:00:00
558,Hurghada Marina,2022-03-27 08:00:00,08:00:00
705,Kom Ombo Temple,2022-03-24 17:00:00,17:00:00
554,Wadi Degla Protectorate,2022-03-11 17:00:00,17:00:00
181,Kom Ombo Temple,2022-10-25 05:00:00,05:00:00
388,Baron Palace,2022-04-09 16:00:00,16:00:00
104,Sakkara,2022-05-07 02:00:00,02:00:00
182,Katameya Heights Golf Course,2022-10-01 14:00:00,14:00:00
76,Cairo Opera House,2022-02-15 04:00:00,04:00:00
158,The Great Sphinx of Giza,2022-02-01 23:00:00,23:00:00
567,Abu Simbel temples,2022-12-25 16:00:00,16:00:00
28,Khan el-Khalili Bazaar,2022-08-14 18:00:00,18:00:00
476,Manial Palace,2022-07-21 23:00:00,23:00:00
333,Zamalek,2021-12-01 18:00:00,18:00:00
851,Khan el-Khalili Bazaar,2022-05-20 05:00:00,05:00:00
584,The Great Sphinx of Giza,2022-02-11 09:00:00,09:00:00
376,The Hanging Church,2022-04-05 20:00:00,20:00:00
140,Cairo Festival City Mall,2021-08-08 15:00:00,15:00:00
980,The Red Sea Riviera,2023-01-29 21:00:00,21:00:00
713,Stadiums of Cairo International Stadium,2022-04-23 23:00:00,23:00:00
168,Stadiums of Cairo International Stadium,2022-11-05 02:00:00,02:00:00
517,Saqqara Step Pyramid,2022-04-21 15:00:00,15:00:00
995,Karnak Temple Complex,2021-10-17 05:00:00,05:00:00
557,Ras Mohamed National Park,2022-12-11 07:00:00,07:00:00
532,Abu Simbel temples,2022-11-21 14:00:00,14:00:00
778,Bibliotheca Alexandrina,2022-09-13 22:00:00,22:00:00
612,Tiran Island,2023-01-17 15:00:00,15:00:00
526,Assiut University,2022-01-14 17:00:00,17:00:00
391,Dreamland Aqua Park,2022-04-07 16:00:00,16:00:00
925,Sohag University,2022-11-10 10:00:00,10:00:00
700,Sultan Hassan Mosque,2023-01-06 07:00:00,07:00:00
189,Bibliotheca Alexandrina,2022-11-28 03:00:00,03:00:00
601,Al-Azhar Mosque,2022-11-01 17:00:00,17:00:00
207,Bibliotheca Alexandrina,2022-06-12 02:00:00,02:00:00
398,The Egyptian Museum,2021-09-25 14:00:00,14:00:00
456,Ras Mohamed National Park,2022-09-18 01:00:00,01:00:00
944,Sultan Hassan Mosque,2021-11-17 23:00:00,23:00:00
460,Alexandria National Museum,2022-01-18 12:00:00,12:00:00
712,Cairo Opera House,2022-08-12 20:00:00,20:00:00
824,Sohag University,2021-08-09 13:00:00,13:00:00
60,The Nile Ritz-Carlton,2022-11-27 02:00:00,02:00:00
316,Mall of Egypt,2022-07-20 13:00:00,13:00:00
529,Marsa Alam,2021-07-20 03:00:00,03:00:00
882,The Hanging Church,2022-03-22 00:00:00,00:00:00
70,Assiut University,2021-07-22 04:00:00,04:00:00
847,Heliopolis Sporting Club,2022-10-12 17:00:00,17:00:00
941,Petroleum Stadium,2022-06-26 05:00:00,05:00:00
962,Saint Catherine's Monastery,2022-05-29 15:00:00,15:00:00
668,Dreamland Aqua Park,2022-07-31 20:00:00,20:00:00
418,Wadi Degla Sporting Club,2021-08-22 09:00:00,09:00:00
350,Alexandria National Museum,2022-07-01 09:00:00,09:00:00
369,Cairo University,2022-06-27 00:00:00,00:00:00
317,El Gezira Sporting Club,2022-03-11 16:00:00,16:00:00
680,Ras Mohamed National Park,2022-04-25 08:00:00,08:00:00
893,Magic Galaxy,2022-02-26 11:00:00,11:00:00
956,Baron Palace,2021-07-29 02:00:00,02:00:00
905,Alexandria University,2022-09-23 10:00:00,10:00:00
322,Baron Palace,2021-07-30 02:00:00,02:00:00
49,El Gezira Sporting Club,2022-01-13 10:00:00,10:00:00
612,Madinaty Golf Club,2022-03-07 04:00:00,04:00:00
544,Zamalek,2022-05-05 02:00:00,02:00:00
764,Sakkara,2022-12-15 17:00:00,17:00:00
379,The Egyptian Museum,2022-04-01 03:00:00,03:00:00
